use tp01;

INSERT INTO tp01_maladie_mal(mal_id, mal_nom, mal_discriminant) VALUES("6bb62f98-98d5-11e7-abc4-cec278b6b50a", "Malaria", "M");
INSERT INTO tp01_maladie_mal(mal_id, mal_nom, mal_discriminant) VALUES("6bb63358-98d5-11e7-abc4-cec278b6b50a", "Sinusite", "M");
INSERT INTO tp01_maladie_mal(mal_id, mal_nom, mal_discriminant) VALUES("6bb63a06-98d5-11e7-abc4-cec278b6b50a", "Arthrite", "M");
INSERT INTO tp01_maladie_mal(mal_id, mal_nom, mal_discriminant) VALUES("6bb63c18-98d5-11e7-abc4-cec278b6b50a", "Bronchite", "M");
INSERT INTO tp01_maladie_mal(mal_id, mal_nom, mal_discriminant) VALUES("6bb63dda-98d5-11e7-abc4-cec278b6b50a", "Rhume", "M");
INSERT INTO tp01_maladie_mal(mal_id, mal_nom, mal_discriminant) VALUES("6bb63f60-98d5-11e7-abc4-cec278b6b50a", "Pneumonie", "M");
INSERT INTO tp01_maladie_mal(mal_id, mal_nom, mal_discriminant) VALUES("6bb640b4-98d5-11e7-abc4-cec278b6b50a", "Grippe aviaire", "M");
INSERT INTO tp01_maladie_mal(mal_id, mal_nom, mal_discriminant) VALUES("6bb64208-98d5-11e7-abc4-cec278b6b50a", "Grippe porcine", "M");
INSERT INTO tp01_maladie_mal(mal_id, mal_nom, mal_discriminant) VALUES("6bb6438e-98d5-11e7-abc4-cec278b6b50a", "Meningite", "M");
INSERT INTO tp01_maladie_mal(mal_id, mal_nom, mal_discriminant) VALUES("6bb6499c-98d5-11e7-abc4-cec278b6b50a", "Depression clinique", "M");
INSERT INTO tp01_maladie_mal(mal_id, mal_nom, mal_discriminant) VALUES("6bb64b68-98d5-11e7-abc4-cec278b6b50a", "Pied d'athlete", "M");
INSERT INTO tp01_maladie_mal(mal_id, mal_nom, mal_discriminant) VALUES("6bb64ce4-98d5-11e7-abc4-cec278b6b50a", "Peste bubonique", "M");
INSERT INTO tp01_maladie_mal(mal_id, mal_nom, mal_discriminant) VALUES("6bb64e56-98d5-11e7-abc4-cec278b6b50a", "Petite verole", "M");
INSERT INTO tp01_maladie_mal(mal_id, mal_nom, mal_discriminant) VALUES("6bb64fd2-98d5-11e7-abc4-cec278b6b50a", "Verole aviaire", "M");
INSERT INTO tp01_maladie_mal(mal_id, mal_nom, mal_discriminant) VALUES("6bb65180-98d5-11e7-abc4-cec278b6b50a", "Lupus", "M");
INSERT INTO tp01_maladie_mal(mal_id, mal_nom, mal_discriminant) VALUES("6bb65734-98d5-11e7-abc4-cec278b6b50a", "VIH", "M");
INSERT INTO tp01_maladie_mal(mal_id, mal_nom, mal_discriminant) VALUES("6bb6591e-98d5-11e7-abc4-cec278b6b50a", "E-coli", "M");
INSERT INTO tp01_maladie_mal(mal_id, mal_nom, mal_discriminant) VALUES("6bb65acc-98d5-11e7-abc4-cec278b6b50a", "Cancer du sein", "M");
INSERT INTO tp01_maladie_mal(mal_id, mal_nom, mal_discriminant) VALUES("6bb65c48-98d5-11e7-abc4-cec278b6b50a", "Cancer de l'estomac", "M");
INSERT INTO tp01_maladie_mal(mal_id, mal_nom, mal_discriminant) VALUES("6bb65e00-98d5-11e7-abc4-cec278b6b50a", "Cancer du poumon", "M");
INSERT INTO tp01_maladie_mal(mal_id, mal_nom, mal_discriminant) VALUES("6bb6635a-98d5-11e7-abc4-cec278b6b50a", "Cancer du cerveau", "M");
INSERT INTO tp01_maladie_mal(mal_id, mal_nom, mal_discriminant) VALUES("6bb6653a-98d5-11e7-abc4-cec278b6b50a", "Allergie aux arachides", "A");
INSERT INTO tp01_maladie_mal(mal_id, mal_nom, mal_discriminant) VALUES("6bb66724-98d5-11e7-abc4-cec278b6b50a", "Allergie a la poussiere", "A");
INSERT INTO tp01_maladie_mal(mal_id, mal_nom, mal_discriminant) VALUES("6bb668b4-98d5-11e7-abc4-cec278b6b50a", "Allergie aux fruits de mer", "A");
INSERT INTO tp01_maladie_mal(mal_id, mal_nom, mal_discriminant) VALUES("6bb66ae4-98d5-11e7-abc4-cec278b6b50a", "Allergie aux chats", "A");
INSERT INTO tp01_maladie_mal(mal_id, mal_nom, mal_discriminant) VALUES("6bb66f94-98d5-11e7-abc4-cec278b6b50a", "Allergie aux chiens", "A");
INSERT INTO tp01_maladie_mal(mal_id, mal_nom, mal_discriminant) VALUES("6bb671ba-98d5-11e7-abc4-cec278b6b50a", "Allergie aux noix", "A");
INSERT INTO tp01_maladie_mal(mal_id, mal_nom, mal_discriminant) VALUES("6bb673b8-98d5-11e7-abc4-cec278b6b50a", "Allergie au pollen", "A");
INSERT INTO tp01_maladie_mal(mal_id, mal_nom, mal_discriminant) VALUES("6bb675b6-98d5-11e7-abc4-cec278b6b50a", "Allergie aux produits laitiers", "A");
INSERT INTO tp01_maladie_mal(mal_id, mal_nom, mal_discriminant) VALUES("6bb67796-98d5-11e7-abc4-cec278b6b50a", "Allergie aux poissons", "A");
INSERT INTO tp01_maladie_mal(mal_id, mal_nom, mal_discriminant) VALUES("6bb67c50-98d5-11e7-abc4-cec278b6b50a", "Allergie au gluten", "A");
INSERT INTO tp01_maladie_mal(mal_id, mal_nom, mal_discriminant) VALUES("bc0ab2ae-98dd-11e7-abc4-cec278b6b50a", "Gonorhee", "M");
INSERT INTO tp01_maladie_mal(mal_id, mal_nom, mal_discriminant) VALUES("bc0ah2ae-98dd-11e7-abc4-cec278b6b50a", "Diabete", "M");


INSERT INTO tp01_medicament_med(med_id, med_nom) VALUES("b6c686fc-98d7-11e7-abc4-cec278b6b50a", "Paclitaxel");
INSERT INTO tp01_medicament_med(med_id, med_nom) VALUES("b6c68dd2-98d7-11e7-abc4-cec278b6b50a", "Permetrexed");
INSERT INTO tp01_medicament_med(med_id, med_nom) VALUES("b6c68efe-98d7-11e7-abc4-cec278b6b50a", "Pentostatin");
INSERT INTO tp01_medicament_med(med_id, med_nom) VALUES("b6c68fe4-98d7-11e7-abc4-cec278b6b50a", "Docetaxel");
INSERT INTO tp01_medicament_med(med_id, med_nom) VALUES("b6c690b6-98d7-11e7-abc4-cec278b6b50a", "Heparin");
INSERT INTO tp01_medicament_med(med_id, med_nom) VALUES("b6c6917e-98d7-11e7-abc4-cec278b6b50a", "Warfarom");
INSERT INTO tp01_medicament_med(med_id, med_nom) VALUES("b6c69246-98d7-11e7-abc4-cec278b6b50a", "Amoxicillin");
INSERT INTO tp01_medicament_med(med_id, med_nom) VALUES("b6c6967e-98d7-11e7-abc4-cec278b6b50a", "Doxycycline");
INSERT INTO tp01_medicament_med(med_id, med_nom) VALUES("b6c697b4-98d7-11e7-abc4-cec278b6b50a", "Epinefrine");
INSERT INTO tp01_medicament_med(med_id, med_nom) VALUES("b6c69980-98d7-11e7-abc4-cec278b6b50a", "Insuline");
INSERT INTO tp01_medicament_med(med_id, med_nom) VALUES("b6c69cb4-98d7-11e7-abc4-cec278b6b50a", "Solution saline");
INSERT INTO tp01_medicament_med(med_id, med_nom) VALUES("b6c6a1fa-98d7-11e7-abc4-cec278b6b50a", "Corticosteroid");
INSERT INTO tp01_medicament_med(med_id, med_nom) VALUES("b6c6a38a-98d7-11e7-abc4-cec278b6b50a", "Morphine");
INSERT INTO tp01_medicament_med(med_id, med_nom) VALUES("b6c6a8ee-98d7-11e7-abc4-cec278b6b50a", "Vicodin");
INSERT INTO tp01_medicament_med(med_id, med_nom) VALUES("b6c6aaba-98d7-11e7-abc4-cec278b6b50a", "Methadone");
INSERT INTO tp01_medicament_med(med_id, med_nom) VALUES("b6c6ahba-98d7-11e7-abc4-cec278b6b50a", "Pot medicinal");
INSERT INTO tp01_medicament_med(med_id, med_nom) VALUES("b6c6awba-98d7-11e7-abc4-cec278b6b50a", "Valium");
INSERT INTO tp01_medicament_med(med_id, med_nom) VALUES("b6c6apba-98d7-11e7-abc4-cec278b6b50a", "Aspirine");
INSERT INTO tp01_medicament_med(med_id, med_nom) VALUES("b6c6aqba-98d7-11e7-abc4-cec278b6b50a", "Pillule contraceptive");


INSERT INTO tp01_patient_pat(pat_id, pat_nom, pat_prenom, pat_sexe, pat_email, pat_adresse, pat_date_naissance) 
VALUES ("10a916ee-98d8-11e7-abc4-cec278b6b50a", "Berube", "Huguette", "F", "hughberub@hotmail.com", "New-York", STR_TO_DATE("21/01/1945", "%d/%m/%Y"));
INSERT INTO tp01_patient_pat(pat_id, pat_nom, pat_prenom, pat_sexe, pat_email, pat_adresse, pat_date_naissance) 
VALUES ("10a91acc-98d8-11e7-abc4-cec278b6b50a", "Duscheneau", "Marie", "F", "mdush@gmail.com", "Dubai", STR_TO_DATE("01/12/1993", "%d/%m/%Y"));
INSERT INTO tp01_patient_pat(pat_id, pat_nom, pat_prenom, pat_sexe, pat_email, pat_adresse, pat_date_naissance) 
VALUES ("10a91ca2-98d8-11e7-abc4-cec278b6b50a", "Bob", "Uncle", "M", "unclebob@msn.com", "Montreal", STR_TO_DATE("11/08/1952", "%d/%m/%Y"));
INSERT INTO tp01_patient_pat(pat_id, pat_nom, pat_prenom, pat_sexe, pat_email, pat_adresse, pat_date_naissance) 
VALUES ("10a92346-98d8-11e7-abc4-cec278b6b50a", "Cyr", "Gabriel", "M", "cyrgab@gmail.com", "Montreal", STR_TO_DATE("15/12/1987", "%d/%m/%Y"));
INSERT INTO tp01_patient_pat(pat_id, pat_nom, pat_prenom, pat_sexe, pat_email, pat_adresse, pat_date_naissance) 
VALUES ("10a92a58-98d8-11e7-abc4-cec278b6b50a", "Bechard", "Marc-Antoine", "M", "mab@gmail.com", "Ste-Catherine", STR_TO_DATE("27/01/1992", "%d/%m/%Y"));
INSERT INTO tp01_patient_pat(pat_id, pat_nom, pat_prenom, pat_sexe, pat_email, pat_adresse, pat_date_naissance) 
VALUES ("10a92ba2-98d8-11e7-abc4-cec278b6b50a", "Gauthier", "Julie", "F", "julg4uth@live.com", "Montreal", STR_TO_DATE("14/03/2002", "%d/%m/%Y"));
INSERT INTO tp01_patient_pat(pat_id, pat_nom, pat_prenom, pat_sexe, pat_email, pat_adresse, pat_date_naissance) 
VALUES ("10a92d1e-98d8-11e7-abc4-cec278b6b50a", "Riviera", "Elzeor", "M", NULL,  "St-Elzeor", STR_TO_DATE("07/07/1908", "%d/%m/%Y"));
INSERT INTO tp01_patient_pat(pat_id, pat_nom, pat_prenom, pat_sexe, pat_email, pat_adresse, pat_date_naissance) 
VALUES ("10a94due-98d8-11e7-abc4-cec278b6b50a", "Gonzales", "Henrique", "M", "hgoz@gmail.com", "Montreal", STR_TO_DATE("11/08/1969", "%d/%m/%Y"));
INSERT INTO tp01_patient_pat(pat_id, pat_nom, pat_prenom, pat_sexe, pat_email, pat_adresse, pat_date_naissance) 
VALUES ("10a94d1e-98d8-11e7-abc4-cec278b6b50a", "Dupuis", "Samantha", "F", "ilovematt2002@gmail.com", "Montreal", STR_TO_DATE("06/01/2002", "%d/%m/%Y"));
INSERT INTO tp01_patient_pat(pat_id, pat_nom, pat_prenom, pat_sexe, pat_email, pat_adresse, pat_date_naissance) 
VALUES ("10a92f3a-98d8-11e7-abc4-cec278b6b50a", "Granger", "Mathieu", "M", "lovesamanthaforever@gmail.com", "Montreal", STR_TO_DATE("28/09/2003", "%d/%m/%Y"));
INSERT INTO tp01_patient_pat(pat_id, pat_nom, pat_prenom, pat_sexe, pat_email, pat_adresse, pat_date_naissance) 
VALUES ("10a93372-98d8-11e7-abc4-cec278b6b50a", "Smith", "Gordon", "M", "nathan@gmail.com", "St-MeuxMeux", STR_TO_DATE("17/02/1924", "%d/%m/%Y"));
INSERT INTO tp01_patient_pat(pat_id, pat_nom, pat_prenom, pat_sexe, pat_email, pat_adresse, pat_date_naissance) 
VALUES ("9aae0d9c-98e0-11e7-abc4-cec278b6b50a", "Smith", "Nathan", "M", "nathan@gmail.com", "St-MeuxMeux", STR_TO_DATE("01/02/1999", "%d/%m/%Y"));
INSERT INTO tp01_patient_pat(pat_id, pat_nom, pat_prenom, pat_sexe, pat_email, pat_adresse, pat_date_naissance) 
VALUES ("9aae126a-98e0-11e7-abc4-cec278b6b50a", "Noel", "Guy", "M", "guyhoho@gmail.com", "St-Eustache", STR_TO_DATE("01/05/1974", "%d/%m/%Y"));
INSERT INTO tp01_patient_pat(pat_id, pat_nom, pat_prenom, pat_sexe, pat_email, pat_adresse, pat_date_naissance) 
VALUES ("9aae13e6-98e0-11e7-abc4-cec278b6b50a", "Dube", "Olivier", "M", "olidubdub@gmail.com", "St-Eustache", STR_TO_DATE("12/12/1985", "%d/%m/%Y"));
INSERT INTO tp01_patient_pat(pat_id, pat_nom, pat_prenom, pat_sexe, pat_email, pat_adresse, pat_date_naissance) 
VALUES ("9aje13e6-98e0-11e7-abc4-cec278b6b50a", "Green", "Paul", "M", "paulggg@gmail.com", "St-Eustache", STR_TO_DATE("12/12/1999", "%d/%m/%Y"));
INSERT INTO tp01_patient_pat(pat_id, pat_nom, pat_prenom, pat_sexe, pat_email, pat_adresse, pat_date_naissance) 
VALUES ("9aae17f6-98e0-11e7-abc4-cec278b6b50a", "Butch", "Gary", "M", "butchgary@hotmail.com", "St-Elzeor", STR_TO_DATE("08/08/1980", "%d/%m/%Y"));
INSERT INTO tp01_patient_pat(pat_id, pat_nom, pat_prenom, pat_sexe, pat_email, pat_adresse, pat_date_naissance) 
VALUES ("9aae1972-98e0-11e7-abc4-cec278b6b50a", "Tremblay", "Alice", "F", "winteriscoming81@gmail.com", "St-Elzeor", STR_TO_DATE("30/09/1981", "%d/%m/%Y"));



INSERT INTO tp01_maladieXpatient_mxp(mxp_id, mxp_id_maladie, mxp_id_patient, mxp_date_decelage, mxp_date_guerison, mxp_gravite) 
VALUES("f340c580-98db-11e7-abc4-cec278b6b50a", "6bb63dda-98d5-11e7-abc4-cec278b6b50a", "10a92346-98d8-11e7-abc4-cec278b6b50a", STR_TO_DATE("12/09/2017", "%d/%m/%Y"), NULL, "FAIBLE");
INSERT INTO tp01_maladieXpatient_mxp(mxp_id, mxp_id_maladie, mxp_id_patient, mxp_date_decelage, mxp_date_guerison, mxp_gravite) 
VALUES("f340c8b4-98db-11e7-abc4-cec278b6b50a", "6bb64ce4-98d5-11e7-abc4-cec278b6b50a", "10a92d1e-98d8-11e7-abc4-cec278b6b50a", STR_TO_DATE("29/06/1931", "%d/%m/%Y"), STR_TO_DATE("13/07/1931", "%d/%m/%Y"), "SEVERE");
INSERT INTO tp01_maladieXpatient_mxp(mxp_id, mxp_id_maladie, mxp_id_patient, mxp_date_decelage, mxp_date_guerison, mxp_gravite) 
VALUES("f340ca80-98db-11e7-abc4-cec278b6b50a", "6bb66f94-98d5-11e7-abc4-cec278b6b50a", "10a916ee-98d8-11e7-abc4-cec278b6b50a", STR_TO_DATE("04/08/2002", "%d/%m/%Y"), NULL, "SEVERE");
INSERT INTO tp01_maladieXpatient_mxp(mxp_id, mxp_id_maladie, mxp_id_patient, mxp_date_decelage, mxp_date_guerison, mxp_gravite) 
VALUES("f340cc2e-98db-11e7-abc4-cec278b6b50a", "6bb675b6-98d5-11e7-abc4-cec278b6b50a", "10a916ee-98d8-11e7-abc4-cec278b6b50a", STR_TO_DATE("04/08/2002", "%d/%m/%Y"), NULL, "MOYEN");
INSERT INTO tp01_maladieXpatient_mxp(mxp_id, mxp_id_maladie, mxp_id_patient, mxp_date_decelage, mxp_date_guerison, mxp_gravite) 
VALUES("f340cd1e-98db-11e7-abc4-cec278b6b50a", "6bb62f98-98d5-11e7-abc4-cec278b6b50a", "9aae17f6-98e0-11e7-abc4-cec278b6b50a", STR_TO_DATE("16/04/2001", "%d/%m/%Y"), NULL, "SEVERE");
INSERT INTO tp01_maladieXpatient_mxp(mxp_id, mxp_id_maladie, mxp_id_patient, mxp_date_decelage, mxp_date_guerison, mxp_gravite) 
VALUES("f340cecc-98db-11e7-abc4-cec278b6b50a", "6bb668b4-98d5-11e7-abc4-cec278b6b50a", "10a916ee-98d8-11e7-abc4-cec278b6b50a", STR_TO_DATE("04/08/2002", "%d/%m/%Y"), NULL, "SEVERE");
INSERT INTO tp01_maladieXpatient_mxp(mxp_id, mxp_id_maladie, mxp_id_patient, mxp_date_decelage, mxp_date_guerison, mxp_gravite) 
VALUES("f340d016-98db-11e7-abc4-cec278b6b50a", "6bb66f94-98d5-11e7-abc4-cec278b6b50a", "10a92ba2-98d8-11e7-abc4-cec278b6b50a", STR_TO_DATE("13/05/2007", "%d/%m/%Y"), NULL, "FAIBLE");
INSERT INTO tp01_maladieXpatient_mxp(mxp_id, mxp_id_maladie, mxp_id_patient, mxp_date_decelage, mxp_date_guerison, mxp_gravite) 
VALUES("f340d14c-98db-11e7-abc4-cec278b6b50a", "6bb65c48-98d5-11e7-abc4-cec278b6b50a", "10a92ba2-98d8-11e7-abc4-cec278b6b50a", STR_TO_DATE("21/11/2009", "%d/%m/%Y"), NULL, "SEVERE");
INSERT INTO tp01_maladieXpatient_mxp(mxp_id, mxp_id_maladie, mxp_id_patient, mxp_date_decelage, mxp_date_guerison, mxp_gravite) 
VALUES("f340d2b4-98db-11e7-abc4-cec278b6b50a", "6bb64b68-98d5-11e7-abc4-cec278b6b50a", "10a92a58-98d8-11e7-abc4-cec278b6b50a", STR_TO_DATE("21/02/2016", "%d/%m/%Y"), NULL, "FAIBLE");
INSERT INTO tp01_maladieXpatient_mxp(mxp_id, mxp_id_maladie, mxp_id_patient, mxp_date_decelage, mxp_date_guerison, mxp_gravite) 
VALUES("f340d412-98db-11e7-abc4-cec278b6b50a", "bc0ab2ae-98dd-11e7-abc4-cec278b6b50a", "10a93372-98d8-11e7-abc4-cec278b6b50a", STR_TO_DATE("14/02/2017", "%d/%m/%Y"), NULL, "SEVERE");
INSERT INTO tp01_maladieXpatient_mxp(mxp_id, mxp_id_maladie, mxp_id_patient, mxp_date_decelage, mxp_date_guerison, mxp_gravite) 
VALUES("2a2dd5dc-98e2-11e7-abc4-cec278b6b50a", "6bb63c18-98d5-11e7-abc4-cec278b6b50a", "9aae1972-98e0-11e7-abc4-cec278b6b50a", STR_TO_DATE("21/03/2010", "%d/%m/%Y"), STR_TO_DATE("07/07/2010", "%d/%m/%Y"), "MOYEN");
INSERT INTO tp01_maladieXpatient_mxp(mxp_id, mxp_id_maladie, mxp_id_patient, mxp_date_decelage, mxp_date_guerison, mxp_gravite) 
VALUES("5d05dd10-98e2-11e7-abc4-cec278b6b50a", "6bb63c18-98d5-11e7-abc4-cec278b6b50a", "9aae1972-98e0-11e7-abc4-cec278b6b50a", STR_TO_DATE("10/11/2012", "%d/%m/%Y"), STR_TO_DATE("18/03/2013", "%d/%m/%Y"), "MOYEN");
INSERT INTO tp01_maladieXpatient_mxp(mxp_id, mxp_id_maladie, mxp_id_patient, mxp_date_decelage, mxp_date_guerison, mxp_gravite) 
VALUES("748ce5dc-98e2-11e7-abc4-cec278b6b50a", "6bb63c18-98d5-11e7-abc4-cec278b6b50a", "9aae1972-98e0-11e7-abc4-cec278b6b50a", STR_TO_DATE("20/09/2013", "%d/%m/%Y"), STR_TO_DATE("11/01/2014", "%d/%m/%Y"), "MOYEN");
INSERT INTO tp01_maladieXpatient_mxp(mxp_id, mxp_id_maladie, mxp_id_patient, mxp_date_decelage, mxp_date_guerison, mxp_gravite) 
VALUES("8af1502e-98e2-11e7-abc4-cec278b6b50a", "6bb63c18-98d5-11e7-abc4-cec278b6b50a", "9aae1972-98e0-11e7-abc4-cec278b6b50a", STR_TO_DATE("04/05/2014", "%d/%m/%Y"), NULL, "FAIBLE");
INSERT INTO tp01_maladieXpatient_mxp(mxp_id, mxp_id_maladie, mxp_id_patient, mxp_date_decelage, mxp_date_guerison, mxp_gravite) 
VALUES("8af1552e-98e2-11e7-abc4-cec278b6b50a", "bc0ah2ae-98dd-11e7-abc4-cec278b6b50a", "9aae126a-98e0-11e7-abc4-cec278b6b50a", STR_TO_DATE("28/12/2006", "%d/%m/%Y"), NULL, "SEVERE");


INSERT INTO tp01_prescription_pre(pre_id, pre_id_patient, pre_id_medicament, pre_quantite, pre_date_prescription) 
VALUES("a63a8830-98e4-11e7-abc4-cec278b6b50a", "10a92ba2-98d8-11e7-abc4-cec278b6b50a", "b6c686fc-98d7-11e7-abc4-cec278b6b50a", "1g a 10mg/jour", STR_TO_DATE("05/12/2009", "%d/%m/%Y"));
INSERT INTO tp01_prescription_pre(pre_id, pre_id_patient, pre_id_medicament, pre_quantite, pre_date_prescription) 
VALUES("a63q8830-98e4-11e7-abc4-cec278b6b50a", "10a92ba2-98d8-11e7-abc4-cec278b6b50a", "b6c68dd2-98d7-11e7-abc4-cec278b6b50a", "500mg a 5mg/jour", STR_TO_DATE("05/01/2010", "%d/%m/%Y"));
INSERT INTO tp01_prescription_pre(pre_id, pre_id_patient, pre_id_medicament, pre_quantite, pre_date_prescription) 
VALUES("a63a8c36-98e4-11e7-abc4-cec278b6b50a", "10a916ee-98d8-11e7-abc4-cec278b6b50a", "b6c697b4-98d7-11e7-abc4-cec278b6b50a", "3cc en 3 doses", STR_TO_DATE("04/08/2002", "%d/%m/%Y"));
INSERT INTO tp01_prescription_pre(pre_id, pre_id_patient, pre_id_medicament, pre_quantite, pre_date_prescription) 
VALUES("a63a8e3e-98e4-11e7-abc4-cec278b6b50a", "10a92f3a-98d8-11e7-abc4-cec278b6b50a", "b6c6aaba-98d7-11e7-abc4-cec278b6b50a", "10mg pour 1 mois", STR_TO_DATE("28/06/2016", "%d/%m/%Y"));
INSERT INTO tp01_prescription_pre(pre_id, pre_id_patient, pre_id_medicament, pre_quantite, pre_date_prescription) 
VALUES("a63a8fec-98e4-11e7-abc4-cec278b6b50a", "9aae126a-98e0-11e7-abc4-cec278b6b50a", "b6c69980-98d7-11e7-abc4-cec278b6b50a", "15cc pour 1 mois", STR_TO_DATE("28/12/2006", "%d/%m/%Y"));
INSERT INTO tp01_prescription_pre(pre_id, pre_id_patient, pre_id_medicament, pre_quantite, pre_date_prescription) 
VALUES("a63a91b8-98e4-11e7-abc4-cec278b6b50a", "10a94d1e-98d8-11e7-abc4-cec278b6b50a", "b6c6aqba-98d7-11e7-abc4-cec278b6b50a", "31 tablettes / mois", STR_TO_DATE("01/08/2017", "%d/%m/%Y"));
INSERT INTO tp01_prescription_pre(pre_id, pre_id_patient, pre_id_medicament, pre_quantite, pre_date_prescription) 
VALUES("a63a935c-98e4-11e7-abc4-cec278b6b50a", "10a94d1e-98d8-11e7-abc4-cec278b6b50a", "b6c6a38a-98d7-11e7-abc4-cec278b6b50a", "100mg", STR_TO_DATE("12/09/2015", "%d/%m/%Y"));
INSERT INTO tp01_prescription_pre(pre_id, pre_id_patient, pre_id_medicament, pre_quantite, pre_date_prescription) 
VALUES("a63a94ec-98e4-11e7-abc4-cec278b6b50a", "10a94d1e-98d8-11e7-abc4-cec278b6b50a", "b6c6a38a-98d7-11e7-abc4-cec278b6b50a", "100mg", STR_TO_DATE("29/09/2015", "%d/%m/%Y"));
INSERT INTO tp01_prescription_pre(pre_id, pre_id_patient, pre_id_medicament, pre_quantite, pre_date_prescription) 
VALUES("a63a9b2c-98e4-11e7-abc4-cec278b6b50a", "10a94d1e-98d8-11e7-abc4-cec278b6b50a", "b6c6a38a-98d7-11e7-abc4-cec278b6b50a", "100mg", STR_TO_DATE("12/09/2015", "%d/%m/%Y"));
INSERT INTO tp01_prescription_pre(pre_id, pre_id_patient, pre_id_medicament, pre_quantite, pre_date_prescription) 
VALUES("a63a9d3e-98e4-11e7-abc4-cec278b6b50a", "10a94d1e-98d8-11e7-abc4-cec278b6b50a", "b6c6a38a-98d7-11e7-abc4-cec278b6b50a", "200mg", STR_TO_DATE("24/10/2015", "%d/%m/%Y"));
INSERT INTO tp01_prescription_pre(pre_id, pre_id_patient, pre_id_medicament, pre_quantite, pre_date_prescription) 
VALUES("a63a9f50-98e4-11e7-abc4-cec278b6b50a", "10a94d1e-98d8-11e7-abc4-cec278b6b50a", "b6c6a38a-98d7-11e7-abc4-cec278b6b50a", "200mg", STR_TO_DATE("07/11/2015", "%d/%m/%Y"));


INSERT INTO tp01_hopital_hop(hop_id, hop_nom, hop_adresse, hop_telephone) 
VALUES("8372e0e0-9943-11e7-abc4-cec278b6b50a", "Hopital Ste-Justine", "LaSalle", "(514) 345-4931");
INSERT INTO tp01_hopital_hop(hop_id, hop_nom, hop_adresse, hop_telephone) 
VALUES("8372e388-9943-11e7-abc4-cec278b6b50a", "CHUM", "Montreal", "(514) 690-8000");
INSERT INTO tp01_hopital_hop(hop_id, hop_nom, hop_adresse, hop_telephone) 
VALUES("8372e482-9943-11e7-abc4-cec278b6b50a", "Bellevue Hospital Center", "New York", "+1 212-562-4141");
INSERT INTO tp01_hopital_hop(hop_id, hop_nom, hop_adresse, hop_telephone) 
VALUES("8372e55e-9943-11e7-abc4-cec278b6b50a", "Hopital Bovin", "St-MeuxMeux", "(450) 999-8888");
INSERT INTO tp01_hopital_hop(hop_id, hop_nom, hop_adresse, hop_telephone) 
VALUES("8372e630-9943-11e7-abc4-cec278b6b50a", "Dubai General Hospital", "Dubai", "+20 999-9999");
INSERT INTO tp01_hopital_hop(hop_id, hop_nom, hop_adresse, hop_telephone) 
VALUES("8372e702-9943-11e7-abc4-cec278b6b50a", "Hopital Anna-Laberge", "Chateauguay", "450-699-2425");
INSERT INTO tp01_hopital_hop(hop_id, hop_nom, hop_adresse, hop_telephone) 
VALUES("8372e9fa-9943-11e7-abc4-cec278b6b50a", "Hopital du Sacre-Coeur", "Montreal", "(514) 338-2222");
INSERT INTO tp01_hopital_hop(hop_id, hop_nom, hop_adresse, hop_telephone) 
VALUES("8372eae0-9943-11e7-abc4-cec278b6b50a", "Hopital St-Eustache", "St-Eustache", "1 888-234-3837");


INSERT INTO tp01_personnel_per(per_id, per_hopital_id, per_departement, per_nom, per_prenom, per_sexe, per_email, per_adresse, per_date_naissance, per_date_embauche, per_emploi, per_scolarite, per_date_fin_emploi, per_salaire, per_specialite)
VALUES("df8d0e38-9960-11e7-abc4-cec278b6b50a", "8372e0e0-9943-11e7-abc4-cec278b6b50a", "ADMINISTRATIVE", "Rodriguez", "Pepito", "M", "pepitosangria@live.ca", "LaSalle", STR_TO_DATE("22/07/1971", "%d/%m/%Y"), STR_TO_DATE("07/11/2005", "%d/%m/%Y"), "SECRETARIAT", "Baccalaureat", NULL, 59000.00, NULL);
INSERT INTO tp01_personnel_per(per_id, per_hopital_id, per_departement, per_nom, per_prenom, per_sexe, per_email, per_adresse, per_date_naissance, per_date_embauche, per_emploi, per_scolarite, per_date_fin_emploi, per_salaire, per_specialite)
VALUES("df8d112e-9960-11e7-abc4-cec278b6b50a", "8372e388-9943-11e7-abc4-cec278b6b50a", "TECHNIQUE", "Vance", "Bob", "M", "bobvance@refrigerator.com", "Montreal", STR_TO_DATE("15/11/1960", "%d/%m/%Y"), STR_TO_DATE("22/07/1989", "%d/%m/%Y"), "LOGISTIQUE", "TECHNIQUE", STR_TO_DATE("01/09/2011", "%d/%m/%Y"), 45000.00, NULL);
INSERT INTO tp01_personnel_per(per_id, per_hopital_id, per_departement, per_nom, per_prenom, per_sexe, per_email, per_adresse, per_date_naissance, per_date_embauche, per_emploi, per_scolarite, per_date_fin_emploi, per_salaire, per_specialite)
VALUES("df8d182e-9960-11e7-abc4-cec278b6b50a", "8372e388-9943-11e7-abc4-cec278b6b50a", "MEDICAL", "Guillemette", "Yves", "M", "yves@gmail.com", "Montreal",  STR_TO_DATE("10/07/1969", "%d/%m/%Y"), STR_TO_DATE("15/11/1983", "%d/%m/%Y"), "INFIRMIER", "technique", STR_TO_DATE("01/09/2012", "%d/%m/%Y"), 108000.00, NULL);
INSERT INTO tp01_personnel_per(per_id, per_hopital_id, per_departement, per_nom, per_prenom, per_sexe, per_email, per_adresse, per_date_naissance, per_date_embauche, per_emploi, per_scolarite, per_date_fin_emploi, per_salaire, per_specialite)
VALUES("df8d1b76-9960-11e7-abc4-cec278b6b50a", "8372e388-9943-11e7-abc4-cec278b6b50a", "ADMINISTRATIVE", "Suzuki", "Minawa", "F", "suzuwa@mail.jp", "Montreal", STR_TO_DATE("08/12/1974", "%d/%m/%Y"), STR_TO_DATE("30/10/2002", "%d/%m/%Y"), "SECRETARIAT", "baccalaureat", NULL, 10000.00, NULL);
INSERT INTO tp01_personnel_per(per_id, per_hopital_id, per_departement, per_nom, per_prenom, per_sexe, per_email, per_adresse, per_date_naissance, per_date_embauche, per_emploi, per_scolarite, per_date_fin_emploi, per_salaire, per_specialite)
VALUES("df8d1cb6-9960-11e7-abc4-cec278b6b50a", "8372e482-9943-11e7-abc4-cec278b6b50a", "MEDICAL", "Wallace", "George", "M", "gwallace@gmail.com", "New York", STR_TO_DATE("28/06/1966", "%d/%m/%Y"), STR_TO_DATE("07/06/1990", "%d/%m/%Y"), "DOCTEUR", "DOCTORAT", NULL, 120000.00, "IMMUNOLOGIE");
INSERT INTO tp01_personnel_per(per_id, per_hopital_id, per_departement, per_nom, per_prenom, per_sexe, per_email, per_adresse, per_date_naissance, per_date_embauche, per_emploi, per_scolarite, per_date_fin_emploi, per_salaire, per_specialite)
VALUES("df8d1ub6-9960-11e7-abc4-cec278b6b50a", "8372e482-9943-11e7-abc4-cec278b6b50a", "MEDICAL", "Mellow", "Dude", "M", "yellowjelloforthismellowfellow@gmail.com", "New York", STR_TO_DATE("09/06/1950", "%d/%m/%Y"), STR_TO_DATE("11/09/1980", "%d/%m/%Y"), "DOCTEUR", "DOCTORAT", NULL, 148000.00, "IMMUNOLOGIE");
INSERT INTO tp01_personnel_per(per_id, per_hopital_id, per_departement, per_nom, per_prenom, per_sexe, per_email, per_adresse, per_date_naissance, per_date_embauche, per_emploi, per_scolarite, per_date_fin_emploi, per_salaire, per_specialite)
VALUES("df8d1e00-9960-11e7-abc4-cec278b6b50a", "8372e482-9943-11e7-abc4-cec278b6b50a", "MEDICAL", "Deschannel", "Emily", "F", "katy.reich@bones.com", "New York", STR_TO_DATE("19/05/1970", "%d/%m/%Y"), STR_TO_DATE("21/06/1997", "%d/%m/%Y"), "DOCTEUR", "DOCTORAT", NULL, 120000.00, "CARDIOLOGIE");
INSERT INTO tp01_personnel_per(per_id, per_hopital_id, per_departement, per_nom, per_prenom, per_sexe, per_email, per_adresse, per_date_naissance, per_date_embauche, per_emploi, per_scolarite, per_date_fin_emploi, per_salaire, per_specialite)
VALUES("df8d1f4a-9960-11e7-abc4-cec278b6b50a", "8372e55e-9943-11e7-abc4-cec278b6b50a", "MEDICAL", "Flanderson", "Bennedict", "F", "bennedict.flanderson@moo.com", "St-MeuxMeux", STR_TO_DATE("19/05/1980", "%d/%m/%Y"), STR_TO_DATE("19/05/2005", "%d/%m/%Y"), "INFIRMIER", "BACCALAUREAT", NULL, 90000.00, NULL);
INSERT INTO tp01_personnel_per(per_id, per_hopital_id, per_departement, per_nom, per_prenom, per_sexe, per_email, per_adresse, per_date_naissance, per_date_embauche, per_emploi, per_scolarite, per_date_fin_emploi, per_salaire, per_specialite)
VALUES("df8d2094-9960-11e7-abc4-cec278b6b50a", "8372e55e-9943-11e7-abc4-cec278b6b50a", "TECHNIQUE", "Park", "Eugene", "M", "eugethebeast@gmail.com", "St-MeuxMeux", STR_TO_DATE("14/11/1950", "%d/%m/%Y"), STR_TO_DATE("01/09/1971", "%d/%m/%Y"), "TECHNICIEN", "SECONDAIRE", STR_TO_DATE("29/05/2016", "%d/%m/%Y"), 30000.00, NULL);
INSERT INTO tp01_personnel_per(per_id, per_hopital_id, per_departement, per_nom, per_prenom, per_sexe, per_email, per_adresse, per_date_naissance, per_date_embauche, per_emploi, per_scolarite, per_date_fin_emploi, per_salaire, per_specialite)
VALUES("df8d25d0-9960-11e7-abc4-cec278b6b50a", "8372e630-9943-11e7-abc4-cec278b6b50a", "MEDICAL", "Johnson", "Cave", "M", "cave.johnson@aperture.com", "Dubai", STR_TO_DATE("03/09/1962", "%d/%m/%Y"), STR_TO_DATE("14/12/1998", "%d/%m/%Y"), "DOCTEUR", "DOCTORAT", NULL, 119000.00, "PEDIATRIE");
INSERT INTO tp01_personnel_per(per_id, per_hopital_id, per_departement, per_nom, per_prenom, per_sexe, per_email, per_adresse, per_date_naissance, per_date_embauche, per_emploi, per_scolarite, per_date_fin_emploi, per_salaire, per_specialite)
VALUES("df8d2742-9960-11e7-abc4-cec278b6b50a", "8372e702-9943-11e7-abc4-cec278b6b50a", "TECHNIQUE", "Dupuis", "Yves", "M", "yvesdupuis@hotmail.com", "Chateauguay", STR_TO_DATE("29/08/1981", "%d/%m/%Y"), STR_TO_DATE("15/10/2012", "%d/%m/%Y"), "LOGISTIQUE", "MAITRISE", NULL, 99000.00, NULL);
INSERT INTO tp01_personnel_per(per_id, per_hopital_id, per_departement, per_nom, per_prenom, per_sexe, per_email, per_adresse, per_date_naissance, per_date_embauche, per_emploi, per_scolarite, per_date_fin_emploi, per_salaire, per_specialite)
VALUES("df8d2896-9960-11e7-abc4-cec278b6b50a", "8372e9fa-9943-11e7-abc4-cec278b6b50a", "ADMINISTRATIVE", "Laurent", "Margueritte", "F", "margolaurent@hotmail.com", "Montreal", STR_TO_DATE("19/11/1991", "%d/%m/%Y"), STR_TO_DATE("29/08/2014", "%d/%m/%Y"), "SECRETARIAT", "BACCALAUREAT", NULL, 19000.00, NULL);
INSERT INTO tp01_personnel_per(per_id, per_hopital_id, per_departement, per_nom, per_prenom, per_sexe, per_email, per_adresse, per_date_naissance, per_date_embauche, per_emploi, per_scolarite, per_date_fin_emploi, per_salaire, per_specialite)
VALUES("df8d29e0-9960-11e7-abc4-cec278b6b50a", "8372e9fa-9943-11e7-abc4-cec278b6b50a", "MEDICAL", "Breton", "Milenne", "F", "millie12@gmail.com", "Montreal", STR_TO_DATE("08/12/1939", "%d/%m/%Y"), STR_TO_DATE("12/09/1964", "%d/%m/%Y"), "DOCTEUR", "DOCTORAT", STR_TO_DATE("03/03/2002", "%d/%m/%Y"), 225000.00, "ONCOLOGIE");
INSERT INTO tp01_personnel_per(per_id, per_hopital_id, per_departement, per_nom, per_prenom, per_sexe, per_email, per_adresse, per_date_naissance, per_date_embauche, per_emploi, per_scolarite, per_date_fin_emploi, per_salaire, per_specialite)
VALUES("df8d2b34-9960-11e7-abc4-cec278b6b50a", "8372eae0-9943-11e7-abc4-cec278b6b50a", "MEDICAL", "Filion", "Berte", "F", "b.filion@medi.com", "St-Eustache", STR_TO_DATE("14/11/1944", "%d/%m/%Y"), STR_TO_DATE("05/06/1965", "%d/%m/%Y"), "INFIRMIER", "TECHNIQUE", STR_TO_DATE("23/03/1999", "%d/%m/%Y"), 60000.00, NULL);
INSERT INTO tp01_personnel_per(per_id, per_hopital_id, per_departement, per_nom, per_prenom, per_sexe, per_email, per_adresse, per_date_naissance, per_date_embauche, per_emploi, per_scolarite, per_date_fin_emploi, per_salaire, per_specialite)
VALUES("df8d2c7e-9960-11e7-abc4-cec278b6b50a", "8372eae0-9943-11e7-abc4-cec278b6b50a", "MEDICAL", "Houde", "Bruno", "M", "brunohoude@gmail.com", "St-Eustache", STR_TO_DATE("20/04/1980", "%d/%m/%Y"), STR_TO_DATE("31/01/2008", "%d/%m/%Y"), "DOCTEUR", "DOCTORAT", NULL, 180000.00, "ONCOLOGIE");
INSERT INTO tp01_personnel_per(per_id, per_hopital_id, per_departement, per_nom, per_prenom, per_sexe, per_email, per_adresse, per_date_naissance, per_date_embauche, per_emploi, per_scolarite, per_date_fin_emploi, per_salaire, per_specialite)
VALUES("df8d31a6-9960-11e7-abc4-cec278b6b50a", "8372eae0-9943-11e7-abc4-cec278b6b50a", "MEDICAL", "Duquette", "Marcel", "M", "mduq@gmail.com", "St-Eustache", STR_TO_DATE("16/04/1971", "%d/%m/%Y"), STR_TO_DATE("31/01/1999", "%d/%m/%Y"), "DOCTEUR", "DOCTORAT", NULL, 250000.00, "NEUROLOGIE");
INSERT INTO tp01_personnel_per(per_id, per_hopital_id, per_departement, per_nom, per_prenom, per_sexe, per_email, per_adresse, per_date_naissance, per_date_embauche, per_emploi, per_scolarite, per_date_fin_emploi, per_salaire, per_specialite)
VALUES("df8d3354-9960-11e7-abc4-cec278b6b50a", "8372eae0-9943-11e7-abc4-cec278b6b50a", "MEDICAL", "Lacoursiere", "Guilaine", "F", "guilac@gmail.com", "St-Eustache", STR_TO_DATE("31/01/1979", "%d/%m/%Y"), STR_TO_DATE("12/01/2000", "%d/%m/%Y"), "INFIRMIER", "BACCALAUREAT", NULL, 70000.00, NULL);
INSERT INTO tp01_personnel_per(per_id, per_hopital_id, per_departement, per_nom, per_prenom, per_sexe, per_email, per_adresse, per_date_naissance, per_date_embauche, per_emploi, per_scolarite, per_date_fin_emploi, per_salaire, per_specialite)
VALUES("df8d34a8-9960-11e7-abc4-cec278b6b50a", "8372eae0-9943-11e7-abc4-cec278b6b50a", "MEDICAL", "Vidal", "Maxime", "M", "maxvida@live.com", "St-Eustache", STR_TO_DATE("28/09/1996", "%d/%m/%Y"), STR_TO_DATE("31/05/2017", "%d/%m/%Y"), "INFIRMIER", "TECHNIQUE", NULL, 38000.00, NULL);
INSERT INTO tp01_personnel_per(per_id, per_hopital_id, per_departement, per_nom, per_prenom, per_sexe, per_email, per_adresse, per_date_naissance, per_date_embauche, per_emploi, per_scolarite, per_date_fin_emploi, per_salaire, per_specialite)
VALUES("df8d3606-9960-11e7-abc4-cec278b6b50a", "8372eae0-9943-11e7-abc4-cec278b6b50a", "ADMINISTRATIVE", "Pegasus", "Maximillion", "M", "maxpegasus@duelmonsters.com", "St-Eustache", STR_TO_DATE("12/04/1975", "%d/%m/%Y"), STR_TO_DATE("25/10/1997", "%d/%m/%Y"), "SECRETARIAT", "MAITRISE", NULL, 66000.00, NULL);
INSERT INTO tp01_personnel_per(per_id, per_hopital_id, per_departement, per_nom, per_prenom, per_sexe, per_email, per_adresse, per_date_naissance, per_date_embauche, per_emploi, per_scolarite, per_date_fin_emploi, per_salaire, per_specialite)
VALUES("df8d3796-9960-11e7-abc4-cec278b6b50a", "8372eae0-9943-11e7-abc4-cec278b6b50a", "TECHNIQUE", "Rupert", "Emmanuel", "M", "manuruper@gmail.com", "St-Eustache", STR_TO_DATE("09/01/1990", "%d/%m/%Y"), STR_TO_DATE("13/07/2016", "%d/%m/%Y"), "TECHNICIEN", "TECHNIQUE", NULL, 9000.00, NULL);
INSERT INTO tp01_personnel_per(per_id, per_hopital_id, per_departement, per_nom, per_prenom, per_sexe, per_email, per_adresse, per_date_naissance, per_date_embauche, per_emploi, per_scolarite, per_date_fin_emploi, per_salaire, per_specialite)
VALUES("df8d38f4-9960-11e7-abc4-cec278b6b50a", "8372eae0-9943-11e7-abc4-cec278b6b50a", "TECHNIQUE", "Langlois", "Vincent", "M", "vincethegod@gmail.com", "St-Eustache", STR_TO_DATE("18/03/1986", "%d/%m/%Y"), STR_TO_DATE("07/09/2011", "%d/%m/%Y"), "LOGISTIQUE", "TECHNIQUE", NULL, 23000.00, NULL);
INSERT INTO tp01_personnel_per(per_id, per_hopital_id, per_departement, per_nom, per_prenom, per_sexe, per_email, per_adresse, per_date_naissance, per_date_embauche, per_emploi, per_scolarite, per_date_fin_emploi, per_salaire, per_specialite)
VALUES("df8d38e4-9960-11e7-abc4-cec278b6b50a", "8372e9fa-9943-11e7-abc4-cec278b6b50a", "TECHNIQUE", "Asselin", "Simone", "F", "simalc@gmail.com", "Montreal", STR_TO_DATE("19/11/1980", "%d/%m/%Y"), STR_TO_DATE("16/01/2003", "%d/%m/%Y"), "LOGISTIQUE", "TECHNIQUE", NULL, 11000.00, NULL);



INSERT INTO tp01_note_not(not_id, not_id_patient, not_id_auteur, not_texte, not_date_archive, not_discriminant, not_date_sortie_hospitalisation)
VALUES("4f54d18e-9983-11e7-abc4-cec278b6b50a", "10a91acc-98d8-11e7-abc4-cec278b6b50a", "df8d25d0-9960-11e7-abc4-cec278b6b50a", "Douleur aux chevilles.", STR_TO_DATE("07/08/2017", "%d/%m/%Y"), "N", NULL);
INSERT INTO tp01_note_not(not_id, not_id_patient, not_id_auteur, not_texte, not_date_archive, not_discriminant, not_date_sortie_hospitalisation)
VALUES("4f54d436-9983-11e7-abc4-cec278b6b50a", "10a94d1e-98d8-11e7-abc4-cec278b6b50a", "df8d29e0-9960-11e7-abc4-cec278b6b50a", "Dosage de morphine suspicieux.", STR_TO_DATE("02/11/2015", "%d/%m/%Y"), "N", NULL);
INSERT INTO tp01_note_not(not_id, not_id_patient, not_id_auteur, not_texte, not_date_archive, not_discriminant, not_date_sortie_hospitalisation)
VALUES("4f54d544-9983-11e7-abc4-cec278b6b50a", "10a92ba2-98d8-11e7-abc4-cec278b6b50a", "df8d182e-9960-11e7-abc4-cec278b6b50a", "Traitement non responsif au Paclitaxel. On va essayer Permetrexed.", STR_TO_DATE("04/01/2010", "%d/%m/%Y"), "A", NULL);
INSERT INTO tp01_note_not(not_id, not_id_patient, not_id_auteur, not_texte, not_date_archive, not_discriminant, not_date_sortie_hospitalisation)
VALUES("4f54d90e-9983-11e7-abc4-cec278b6b50a", "10a94d1e-98d8-11e7-abc4-cec278b6b50a", "df8d29e0-9960-11e7-abc4-cec278b6b50a", "Prescription. Pillule contraceptive.", STR_TO_DATE("12/09/2015", "%d/%m/%Y"), "N", NULL);
INSERT INTO tp01_note_not(not_id, not_id_patient, not_id_auteur, not_texte, not_date_archive, not_discriminant, not_date_sortie_hospitalisation)
VALUES("4f54da12-9983-11e7-abc4-cec278b6b50a", "10a92d1e-98d8-11e7-abc4-cec278b6b50a", "df8d2c7e-9960-11e7-abc4-cec278b6b50a", "Deces le 9 decembre 2001 16h45 EST a l'age de 93 ans.", STR_TO_DATE("09/12/2001", "%d/%m/%Y"), "N", NULL);
INSERT INTO tp01_note_not(not_id, not_id_patient, not_id_auteur, not_texte, not_date_archive, not_discriminant, not_date_sortie_hospitalisation)
VALUES("01e6ea14-99a0-11e7-abc4-cec278b6b50a", "9aae13e6-98e0-11e7-abc4-cec278b6b50a", "df8d2c7e-9960-11e7-abc4-cec278b6b50a", "Remplacer pansement sur la jambe.", STR_TO_DATE("13/04/2015", "%d/%m/%Y"), "A", NULL);
INSERT INTO tp01_note_not(not_id, not_id_patient, not_id_auteur, not_texte, not_date_archive, not_discriminant, not_date_sortie_hospitalisation)
VALUES("01e6ed7a-99a0-11e7-abc4-cec278b6b50a", "9aae126a-98e0-11e7-abc4-cec278b6b50a", "df8d31a6-9960-11e7-abc4-cec278b6b50a", "Administrer le vaccin contre l'Hepatite A.", STR_TO_DATE("29/02/2012", "%d/%m/%Y"), "A", NULL);
INSERT INTO tp01_note_not(not_id, not_id_patient, not_id_auteur, not_texte, not_date_archive, not_discriminant, not_date_sortie_hospitalisation)
VALUES("01e6f306-99a0-11e7-abc4-cec278b6b50a", "9aae13e6-98e0-11e7-abc4-cec278b6b50a", "df8d31a6-9960-11e7-abc4-cec278b6b50a", "Consultation annuelle.", STR_TO_DATE("01/10/2009", "%d/%m/%Y"), "A", NULL);
INSERT INTO tp01_note_not(not_id, not_id_patient, not_id_auteur, not_texte, not_date_archive, not_discriminant, not_date_sortie_hospitalisation)
VALUES("01e6f4fa-99a0-11e7-abc4-cec278b6b50a", "10a91acc-98d8-11e7-abc4-cec278b6b50a", "df8d25d0-9960-11e7-abc4-cec278b6b50a", "Prise de sang.", STR_TO_DATE("07/08/2017", "%d/%m/%Y"), "A", NULL);
INSERT INTO tp01_note_not(not_id, not_id_patient, not_id_auteur, not_texte, not_date_archive, not_discriminant, not_date_sortie_hospitalisation)
VALUES("01e6f64e-99a0-11e7-abc4-cec278b6b50a", "10a94d1e-98d8-11e7-abc4-cec278b6b50a", "df8d29e0-9960-11e7-abc4-cec278b6b50a", "Consultation.", STR_TO_DATE("12/09/2015", "%d/%m/%Y"), "A", NULL);
INSERT INTO tp01_note_not(not_id, not_id_patient, not_id_auteur, not_texte, not_date_archive, not_discriminant, not_date_sortie_hospitalisation)
VALUES("01e6f7ca-99a0-11e7-abc4-cec278b6b50a", "9aje13e6-98e0-11e7-abc4-cec278b6b50a", "df8d2b34-9960-11e7-abc4-cec278b6b50a", "Prise de mesures et de poids.", STR_TO_DATE("12/09/2010", "%d/%m/%Y"), "A", NULL);
INSERT INTO tp01_note_not(not_id, not_id_patient, not_id_auteur, not_texte, not_date_archive, not_discriminant, not_date_sortie_hospitalisation)
VALUES("01e6f900-99a0-11e7-abc4-cec278b6b50a", "10a91ca2-98d8-11e7-abc4-cec278b6b50a", "df8d29e0-9960-11e7-abc4-cec278b6b50a", "Session de therapie.", STR_TO_DATE("14/09/2017", "%d/%m/%Y"), "A", NULL);
INSERT INTO tp01_note_not(not_id, not_id_patient, not_id_auteur, not_texte, not_date_archive, not_discriminant, not_date_sortie_hospitalisation)
VALUES("01e6fa22-99a0-11e7-abc4-cec278b6b50a", "10a91ca2-98d8-11e7-abc4-cec278b6b50a", "df8d29e0-9960-11e7-abc4-cec278b6b50a", "Demontre des signes de demence. Semble obseder par le desire de 'mieux coder'.", STR_TO_DATE("14/09/2017", "%d/%m/%Y"), "N", NULL);
INSERT INTO tp01_note_not(not_id, not_id_patient, not_id_auteur, not_texte, not_date_archive, not_discriminant, not_date_sortie_hospitalisation)
VALUES("01e6fb44-99a0-11e7-abc4-cec278b6b50a", "10a916ee-98d8-11e7-abc4-cec278b6b50a", "df8d1cb6-9960-11e7-abc4-cec278b6b50a", "Test d'allergies.", STR_TO_DATE("04/08/2002", "%d/%m/%Y"), "A", NULL);
INSERT INTO tp01_note_not(not_id, not_id_patient, not_id_auteur, not_texte, not_date_archive, not_discriminant, not_date_sortie_hospitalisation)
VALUES("01e6fb44-09a0-11e7-abc4-cec278b6b50a", "9aae126a-98e0-11e7-abc4-cec278b6b50a", "df8d2c7e-9960-11e7-abc4-cec278b6b50a", "Ablation de la cage thoracique.", STR_TO_DATE("05/11/2017", "%d/%m/%Y"), "A", NULL);
INSERT INTO tp01_note_not(not_id, not_id_patient, not_id_auteur, not_texte, not_date_archive, not_discriminant, not_date_sortie_hospitalisation)
VALUES("01e6fb49-09a0-11e7-abc4-cec278b6b50a", "10a94due-98d8-11e7-abc4-cec278b6b50a", "df8d29e0-9960-11e7-abc4-cec278b6b50a", "Enlever un oeil.", STR_TO_DATE("25/12/2002", "%d/%m/%Y"), "A", NULL);


INSERT INTO tp01_note_not(not_id, not_id_patient, not_id_auteur, not_texte, not_date_archive, not_discriminant, not_date_sortie_hospitalisation)
VALUES("01e6fy44-99a0-11e7-abc4-cec278b6b50a", "9aae126a-98e0-11e7-abc4-cec278b6b50a", "df8d1cb6-9960-11e7-abc4-cec278b6b50a", "Fracture de la jambe. Doit rester au lit pendant 3 semaines.", STR_TO_DATE("11/11/2015", "%d/%m/%Y"), "H", STR_TO_DATE("12/05/2015", "%d/%m/%Y"));
INSERT INTO tp01_note_not(not_id, not_id_patient, not_id_auteur, not_texte, not_date_archive, not_discriminant, not_date_sortie_hospitalisation)
VALUES("01e6zy44-99a0-11e7-abc4-cec278b6b50a", "9aae126a-98e0-11e7-abc4-cec278b6b50a", "df8d1cb6-9960-11e7-abc4-cec278b6b50a", "Ablation de la cage thoracique pour fins scientifiques. Recommande de rester au lit pour toujours.", STR_TO_DATE("26/12/2017", "%d/%m/%Y"), "H", NULL);

